UserID,FullName,Email,Phone,Nationality,Age,Gender
USR00001 ," "" Allison  Hill""", donaldgarcia@example.net, +1-219-560-0133 , South  Korea ,25,M
USR00002,Meredith Barnes, zlawrence@@example.org ,001-626-254-2351x16155,Sri Lankaa,33,male
USR00003,Kimberly Dudley, ,+1-659-931-0341x316,USA ,65,MALE
USR00004,Holly Wood,elizabethmiles@example.net,219-528-3276x4835,SouthKorea,65,Other
USR00005,Renee Morales,clarksherri@example,837-767-2423x88496,Chinna,55,Female
USR00006,Zachary Hicks,camposmichelle@example.org,3266916697,Indai,19,M
USR00007,Gina Carter,shawnmckay@example.net,282-781-4893x252,UK,32,other
USR00008,Brian Cox DVM,john39@example.org,671-882-2782,Japann,19,Other
USR00009,Tanya Campos,jenniferross@example.net,+1-557-587-1331x5098,UK,63,Other
USR00010,Michael Brown,whiteheadmichele@example.org,334.373.8299x73763,Francee,44,Male
USR00011,Heather Jenkins,nuneztracey@example.org,4658133387,Germany,55,Female
USR00012,Joel Baxter,ramosmichelle@example.net,908-501-3267,India,66,Male
USR00013,Stephanie Martin,gallowayjoseph@example.com,268-272-3430x9805,Australia,39,Female
USR00014,Kathryn Farrell,brianromero@example.org,291-336-1939,USA,31,Female
USR00015,Kevin Mills,james53@example.com,(524)675-1079x9118,China,23,Female
USR00016,Gregory Jones,mikemoore@example.net,001-449-680-8412x411,China,40,Female
USR00017,Daniel Cooper,william40@example.org,+1-264-300-5242x7868,Japan,34,Male
USR00018,Stephen Mckee,davenportbrandi@example.org,(420)545-0533x15869,Germany,52,Male
USR00019,Vanessa Cochran,vjohnson@example.com,(534)221-6073x37543,Australia,23,Other
USR00020,Jennifer Ramirez,rasmussenjoshua@example.net,768.750.1429x40196,Sri Lanka,58,Other
USR00021,William Wilson,jonathanfletcher@example.org,783.856.1595x14846,Thailand,54,Male
USR00022,Kristen Lee,lbyrd@example.net,001-746-980-4436,China,20,Other
USR00023,Michael Dixon,donnacampbell@example.net,+1-395-913-4332x0037,UK,67,Female
USR00024,Mark Lee,psnyder@example.org,+1-401-963-2870x8317,China,32,Male
USR00025,Victoria Larson,usalazar@example.net,(387)627-7434x87347,Australia,35,Female
USR00026,George Orozco,taylorjesse@example.net,(231)566-5876,South Korea,41,Male
USR00027,Jean Carrillo,gateskathy@example.com,805.946.6889x3734,Thailand,40,Male
USR00028,George Shelton,dramsey@example.org,+1-280-669-9016x272,South Korea,35,Other
USR00029,Daniel Murphy,aramirez@example.com,270-580-5310,South Korea,59,Male
USR00030,Alex Hernandez,thomaswilson@example.org,645.829.9124x190,Japan,58,Male
USR00031,Miguel Jones,curtisbarton@example.net,+1-819-905-8651x850,France,64,Male
USR00032,Tyler Reid,bzimmerman@example.org,001-684-998-7769x4531,USA,47,Female
USR00033,John Bishop,frogers@example.com,(273)554-5494,Sri Lanka,58,Other
USR00034,Nathan Freeman,hannahbrewer@example.com,701.843.6349x578,France,32,Other
USR00035,Krista Bell MD,john13@example.com,682-333-7498,Thailand,67,Male
USR00036,Elizabeth Ward,alexis82@example.com,6089427109,UK,70,Male
USR00037,Glen Sheppard,shelley71@example.org,(871)590-2294x1318,Thailand,43,Female
USR00038,Jamie Kerr,michelle64@example.net,+1-309-413-3412x328,China,31,Other
USR00039,Jerry Wheeler,antonio44@example.net,413.349.3618x324,Thailand,31,Other
USR00040,Ricky Larson,scott74@example.net,(248)387-7190x6594,Germany,43,Other
USR00041,Michael Valencia,keyemily@example.com,001-802-978-7429,Germany,27,Female
USR00042,Julie Ortiz,elizabeth25@example.com,001-874-268-0715x451,USA,33,Other
USR00043,Kimberly Gutierrez,aprildean@example.com,+1-570-434-8247x7109,France,52,Female
USR00044,Adam Russell,victoriadurham@example.com,527-948-4677,Japan,45,Other
USR00045,Janet Weeks,michellehill@example.com,784-804-4997x27875,Australia,41,Male
USR00046,Frank Lopez,ashleyhall@example.com,7573662702,USA,50,Female
USR00047,Jessica Fox,jsmith@example.com,+1-921-274-5961x5865,China,66,Male
USR00048,Cynthia Cohen,wendy16@example.org,001-517-824-0050x45562,China,27,Other
USR00049,Rebecca Jackson,lynchpatrick@example.net,279.923.7474,USA,68,Other
USR00050,Megan Moore,llandry@example.com,+1-664-674-3671x3695,Australia,56,Male
USR00051,Ronald Foster,knightgina@example.net,6974439533,Australia,42,Other
USR00052,Stephanie Lucas,kristina09@example.com,001-621-445-6232x8588,Germany,51,Female
USR00053,Roger Olson,julie51@example.com,623-368-5160,France,18,Other
USR00054,Michael Chambers,xcarson@example.org,+1-437-209-8593x17461,China,61,Other
USR00055,Elizabeth Vasquez,youngamanda@example.com,258.769.2617x964,Sri Lanka,67,Other
USR00056,Jeremy Young,cory58@example.net,(706)543-1713x900,Thailand,25,Female
USR00057,Rachel Harris DVM,brendali@example.org,729-504-2284x21020,Australia,28,Female
USR00058,Alexis Baker,judyfox@example.net,577-258-9178,India,64,Other
USR00059,Susan Hopkins,stephen00@example.com,(761)877-1159x2124,Sri Lanka,50,Male
USR00060,Kerry Chavez DDS,mcguiredanny@example.net,+1-883-767-3657x6615,France,24,Other
USR00061,Jacqueline Hernandez,fjones@example.org,(215)628-0988x51656,Sri Lanka,58,Other
USR00062,Heather Lane,ericolson@example.org,(285)614-9368x998,Japan,30,Male
USR00063,Donald Farmer,michael22@example.net,+1-661-720-1836x67525,Thailand,66,Male
USR00064,Latoya Miller,moorekaren@example.org,+1-814-376-7976x43815,France,67,Other
USR00065,Michael Tucker,brandon69@example.org,2349324451,India,56,Female
USR00066,Casey James,vincentwhitaker@example.com,860-860-7159,Germany,19,Male
USR00067,Jennifer Wilson,burchgeorge@example.net,651.761.3696x816,Thailand,69,Female
USR00068,Richard Jones,schmidtjames@example.com,(923)912-4329x212,UK,21,Male
USR00069,Olivia Cole,michelle52@example.com,377-644-9058,Japan,23,Male
USR00070,Andrew Wood,chase19@example.net,267.998.0793x59782,Germany,70,Male
USR00071,Steven Cooper,wagnergerald@example.org,001-777-288-9255x466,France,67,Male
USR00072,Maria Jones,grantpaul@example.com,4544235733,France,60,Female
USR00073,Erin Anderson,lucasrodney@example.com,4544235733,France,28,Female
USR00074,Ryan Garcia,stanleynancy@example.net,(296)822-2927,France,56,Female
USR00075,Nathan Montes,karen73@example.net,847.835.9774,UK,52,Other
USR00076,Ruth Solis,moniquewilliams@example.com,(881)381-4124x782,UK,63,Female
USR00077,Courtney Hayes,sarah60@example.com,653.961.5305x15220,Australia,60,Other
USR00078,Brenda Thornton,fgilbert@example.org,232-589-8614x341,Thailand,46,Other
USR00079,Riley Bryant,copelandvincent@example.net,7895324609,Germany,25,Male
USR00080,Chelsea Barnett,carlos88@example.net,380.767.0654x05153,UK,22,Female
USR00081,Harold Morgan,mariacohen@example.net,822.917.0430x3054,India,55,Other
USR00082,Paul Lee,michelle05@example.com,956-767-6527,UK,55,Male
USR00083,Kelly Owen,mmiller@example.org,-6702,India,22,Other
USR00084,Heather Williams,christina64@example.net,9162582029,South Korea,21,Male
USR00085,David Brewer,patrick90@example.net,(775)857-1928,China,20,Female
USR00086,Donald Horne,fitzgeraldvictor@example.com,-4807,China,50,Male
USR00087,Benjamin Thompson,zosborn@example.net,451-588-4422x58313,Sri Lanka,60,Female
USR00088,Allison Spencer,tanner82@example.net,314-467-8669,UK,52,Male
USR00089,Maria Cole,david89@example.org,001-626-380-1824x22535,Japan,54,Female
USR00090,Mark Pierce,colleenmendez@example.org,629.592.2995x90010,UK,68,Female
USR00091,Jennifer Fowler,ismall@example.com,+1-947-536-4710x2767,Australia,30,Male
USR00092,Charles Hensley,jessica56@example.org,001-258-681-5371x47321,China,60,Female
USR00093,Sharon Barnes,lisapeck@example.net,532-578-7747x01687,Thailand,45,Female
USR00094,Amber Campbell,amitchell@example.org,(624)356-5060x98358,Germany,64,Male
USR00095,Jerry Pierce,andersoncolin@example.com,985-923-9868x00025,South Korea,59,Other
USR00096,Steven Taylor,francisco94@example.net,688-287-9470x55169,China,21,Female
USR00097,Deborah Rios,jennifersilva@example.org,896.523.0913x07562,Thailand,69,Male
USR00098,Reginald Knapp,thorntonapril@example.net,578-565-2785x85497,UK,30,Male
USR00099,Edwin David,kellie37@example.com,258.644.1986x6524,France,46,Male
USR00100,Angela Bradshaw,julie33@example.net,584-221-9933x083,Australia,29,Female
USR00101, ,wrongemail@@,12345,Indai,150,Unknown
USR00102,John Doe, johndoe@gmail, ,USA, ,M
USR00103,USR DUPLICATE,duplicate@example.com,9999999999,UK,45,F
USR00103,USR DUPLICATE,duplicate@example.com,9999999999,UK,45,F
USR00104,Emily   Stone,emily@@stone.com,555-5555,Francee,-5,Female
USR00105,Robert   King,kingrobert@example,555-000-1111,Chinna,200,M
USR00106,Linda  Perez,,(000)000-0000,USA ,33,other
USR00107,Chris O'Neil,oneil@example.com,123-456-7890,Indiaa,27,M
USR00108,Amy   Watson,amywatson@example.com,444-444-4444,Australia,abc,F
USR00109,Tommy Lee,tommy@example.com,111-222-3333,Japan,19,M
USR00110,Jessica   Ray,jray@example.com,222-333-4444,South Korea,29,F
USR00111,Michael   Chan,mchan@example.com,333-444-5555,China,31,M
USR00112,Laura   Kim,laura@example.com,444-555-6666,USA,28,F
USR00113,Peter   Wong,pwong@example.com,555-666-7777,UK,35,M
USR00114,Nancy   Cruz,ncruz@example.com,666-777-8888,Germany,41,F
USR00115,Sam   Patel,spatel@example.com,777-888-9999,India,38,M
USR00116,Olivia   Brooks,obrooks@example.com,888-999-0000,France,26,F
USR00117,Henry   Adams,hadams@example.com,999-000-1111,Australia,32,M
USR00118,Grace   Miller,gmiller@example.com,000-111-2222,Japan,24,F
USR00119,Leo   Carter,lcarter@example.com,111-222-3333,China,29,M
USR00120,Chloe   Diaz,cdiaz@example.com,222-333-4444,USA,27,F
USR00121,Jack   Rivera,jrivera@example.com,333-444-5555,UK,31,M
USR00122,Mia   Flores,mflores@example.com,444-555-6666,Germany,36,F
USR00123,Ethan   Hughes,ehughes@example.com,555-666-7777,India,40,M
USR00124,Ava   Simmons,asimmons@example.com,666-777-8888,France,22,F
USR00125,Noah   Foster,nfoster@example.com,777-888-9999,Australia,34,M
USR00126,Lily   Ward,lward@example.com,888-999-0000,Japan,25,F
USR00127,James   Gray,jgray@example.com,999-000-1111,China,30,M
USR00128,Sophia   Cox,scox@example.com,000-111-2222,USA,28,F
USR00129,Benjamin   Reed,breed@example.com,111-222-3333,UK,33,M
USR00130,Isabella   Cook,icook@example.com,222-333-4444,Germany,29,F
USR00131,Lucas   Morgan,lmorgan@example.com,333-444-5555,India,37,M
USR00132,Harper   Bell,hbell@example.com,444-555-6666,France,23,F
USR00133,Elijah   Murphy,emurphy@example.com,555-666-7777,Australia,35,M
USR00134,Amelia   Bailey,abailey@example.com,666-777-8888,Japan,26,F
USR00135,Logan   Rivera,lrivera@example.com,777-888-9999,China,32,M
USR00136,Ella   Cooper,ecooper@example.com,888-999-0000,USA,27,F
USR00137,Mason   Richardson,mrichardson@example.com,999-000-1111,UK,31,M
USR00138,Aria   Howard,ahoward@example.com,000-111-2222,Germany,24,F
USR00139,Jacob   Ward,jward@example.com,111-222-3333,India,36,M
USR00140,Samuel   Ortiz,sortiz@example.com,222-444-6666,France,29,M
USR00141,Victoria   Lane,vlane@example.com,333-555-7777,Australia,31,F
USR00142,Daniel   Brooks,dbrooks@example.com,444-666-8888,Japan,27,M
USR00143,Hailey   Scott,hscott@example.com,555-777-9999,China,26,F
USR00144,Wyatt   Turner,wturner@example.com,666-888-0000,USA,34,M
USR00145,Zoey   Adams,zadams@example.com,777-999-1111,UK,28,F
USR00146,Isaac   Hughes,ihughes@example.com,888-000-2222,Germany,39,M
USR00147,Nora   Simmons,nsimmons@example.com,999-111-3333,India,25,F
USR00148,Julian   Price,jprice@example.com,000-222-4444,France,32,M
USR00149,Ellie   Foster,efoster@example.com,111-333-5555,Australia,30,F
USR00150,Grayson   Diaz,gdiaz@example.com,222-444-6666,Japan,29,M
USR00151,Scarlett   Hayes,shayes@example.com,333-555-7777,China,27,F
USR00152,Levi   Morris,lmorris@example.com,444-666-8888,USA,36,M
USR00153,Stella   Reed,sreed@example.com,555-777-9999,UK,24,F
USR00154,David   Carter,dcarter@example.com,666-888-0000,Germany,41,M
USR00155,Penelope   Ward,pward@example.com,777-999-1111,India,23,F
USR00156,Joseph   Rivera,jrivera@example.com,888-000-2222,France,38,M
USR00157,Addison   Gray,agray@example.com,999-111-3333,Australia,26,F
USR00158,Matthew   Cook,mcook@example.com,000-222-4444,Japan,35,M
USR00159,Victoria   Morgan,vmorgan@example.com,111-333-5555,China,28,F
USR00160,Christopher   Bell,cbell@example.com,222-444-6666,USA,40,M
USR00161,Aria   Murphy,amurphy@example.com,333-555-7777,UK,22,F
USR00162,Andrew   Bailey,abailey@example.com,444-666-8888,Germany,37,M
USR00163,Lucy   Richardson,lrichardson@example.com,555-777-9999,India,25,F
USR00164,Thomas   Howard,thoward@example.com,666-888-0000,France,33,M
USR00165,Elena   Ward,eward@example.com,777-999-1111,Australia,29,F
USR00166,Jonathan   Carter,jcarter@example.com,888-000-2222,Japan,31,M
USR00167,Naomi   Adams,nadams@example.com,999-111-3333,China,27,F
USR00168,Christian   Brooks,cbrooks@example.com,000-222-4444,USA,39,M
USR00169,Clara   Simmons,csimmons@example.com,111-333-5555,UK,26,F
USR00170,Brandon   Price,bprice@example.com,222-444-6666,Germany,34,M
USR00171,Elise   Foster,efoster@example.com,333-555-7777,India,23,F
USR00172,Kevin   Diaz,kdiaz@example.com,444-666-8888,France,41,M
USR00173,Autumn   Hayes,ahayes@example.com,555-777-9999,Australia,28,F
USR00174,Jason   Morris,jmorris@example.com,666-888-0000,Japan,36,M
USR00175,Faith   Reed,freed@example.com,777-999-1111,China,24,F
USR00176,Patrick   Carter,pcarter@example.com,888-000-2222,USA,38,M
USR00177,Isla   Bell,ibell@example.com,999-111-3333,UK,27,F
USR00178,Marcus   Murphy,mmurphy@example.com,000-222-4444,Germany,35,M
USR00179,Claudia   Bailey,cbailey@example.com,111-333-5555,India,29,F
USR00180,Shawn   Richardson,srichardson@example.com,222-444-6666,France,40,M
USR00181,Daniela   Howard,dhoward@example.com,333-555-7777,Australia,26,F
USR00182,Peter   Ward,pward@example.com,444-666-8888,Japan,37,M
USR00183,Adeline   Carter,acarter@example.com,555-777-9999,China,22,F
USR00184,Tristan   Adams,tadams@example.com,666-888-0000,USA,34,M
USR00185,Eliana   Brooks,ebrooks@example.com,777-999-1111,UK,25,F
USR00186,Maxwell   Simmons,msimmons@example.com,888-000-2222,Germany,39,M
USR00187,Serenity   Price,sprice@example.com,999-111-3333,India,28,F
USR00188,Grant   Foster,gfoster@example.com,000-222-4444,France,36,M
USR00189,Valentina   Diaz,vdiaz@example.com,111-333-5555,Australia,23,F
USR00190,Emmett   Hayes,ehayes@example.com,222-444-6666,Japan,31,M
USR00191,Delilah   Morris,dmorris@example.com,333-555-7777,China,27,F
USR00192,Jonah   Reed,jreed@example.com,444-666-8888,USA,35,M
USR00193,Alina   Carter,acarter@example.com,555-777-9999,UK,24,F
USR00194,Rowan   Bell,rbell@example.com,666-888-0000,Germany,33,M
USR00195,Jayla   Murphy,jmurphy@example.com,777-999-1111,India,22,F
USR00196,Beckett   Bailey,bbailey@example.com,888-000-2222,France,38,M
USR00197,Amara   Richardson,arichardson@example.com,999-111-3333,Australia,29,F
USR00198,Reid   Howard,rhoward@example.com,000-222-4444,Japan,36,M
USR00199,Lucia   Ward,lward@example.com,111-333-5555,China,25,F
USR00200,Holden   Carter,hcarter@example.com,222-444-6666,USA,34,M